,brand,model,processor_brand,processor_name,processor_gnrtn,ram_gb,ram_type,ssd,hdd,os,os_bit,graphic_card_gb,Touchscreen,latest_price
0,Lenovo,A6-9225,AMD,A6-9225 Processor,10,4,DDR4,0,1024,Windows,64,0,0,24990
1,Lenovo,Ideapad,AMD,APU Dual,10,4,DDR4,0,512,Windows,64,0,0,19590
2,Avita,PURA,AMD,APU Dual,10,4,DDR4,128,0,Windows,64,0,0,19990
3,Avita,PURA,AMD,APU Dual,10,4,DDR4,128,0,Windows,64,0,0,21490
4,Avita,PURA,AMD,APU Dual,10,4,DDR4,256,0,Windows,64,0,0,24990
5,Avita,PURA,AMD,APU Dual,10,8,DDR4,256,0,Windows,64,0,0,24990
6,HP,APU,AMD,APU Dual,10,4,DDR4,0,1024,Windows,32,0,0,20900
7,Lenovo,APU,AMD,APU Dual,10,4,DDR4,0,1024,Windows,64,0,0,21896
8,HP,Athlon,AMD,Athlon Dual,10,32,DDR4,32,0,Windows,32,4,0,26899
9,acer,Aspire,AMD,Athlon Dual,10,4,DDR4,256,0,Windows,64,0,0,31990
10,ASUS,ExpertBook,Intel,Core i3,10,4,DDR4,0,1024,Windows,64,0,0,34649
11,Lenovo,Missing,Intel,Core i3,10,4,DDR4,0,1024,Windows,64,0,0,38999
12,Lenovo,v15,Intel,Core i3,10,4,DDR4,0,1024,Windows,64,0,0,39999
13,ASUS,ExpertBook,Intel,Core i5,10,8,DDR4,512,0,Windows,32,2,0,69990
17,ASUS,ExpertBook,Intel,Core i5,10,8,DDR4,0,1024,Windows,32,2,0,58799
18,Lenovo,Missing,Intel,Core i5,10,4,DDR4,0,1024,Windows,32,0,0,49999
19,acer,Aspire,AMD,Ryzen,10,4,DDR4,0,512,Windows,32,4,0,54990
20,acer,Nitro,AMD,Ryzen 5,10,4,DDR4,0,512,Windows,32,4,0,59990
21,acer,Nitro,AMD,Ryzen 5,10,4,DDR4,0,512,Windows,32,6,0,93700
22,acer,Nitro,AMD,Ryzen 5,10,4,DDR4,0,512,Windows,32,4,0,72990
25,ASUS,ExpertBook,Intel,Core i3,11,4,DDR4,256,0,Windows,64,0,0,35990
26,HP,x360,Intel,Core i3,11,8,DDR4,256,0,Windows,64,0,1,56490
27,HP,x360,Intel,Core i5,11,8,DDR4,256,0,Windows,64,0,0,65390
33,HP,15q,Intel,Core i3,7,4,DDR4,0,1024,Windows,64,0,0,32955
34,HP,250-G6,Intel,Core i5,7,4,DDR4,0,1024,Windows,32,2,0,46200
35,ASUS,Missing,Intel,Core i3,11,4,DDR4,256,0,Windows,64,0,0,34429
36,Lenovo,IdeaPad,Intel,Core i3,10,8,DDR4,256,0,Windows,32,0,0,37990
37,ASUS,VivoBook,Intel,Core i3,11,4,DDR4,256,0,Windows,32,0,0,35990
38,ASUS,VivoBook,Intel,Core i3,10,8,DDR4,256,0,Windows,64,0,0,33980
39,HP,Missing,Intel,Core i3,11,8,DDR4,256,0,Windows,64,0,0,39990
40,DELL,Vostro,Intel,Core i3,10,8,DDR4,256,0,Windows,64,0,0,39490
41,RedmiBook,15,Intel,Core i3,11,8,DDR4,256,0,Windows,32,0,0,38990
42,HP,Pavilion,Intel,Core i3,11,8,DDR4,256,0,Windows,64,0,1,53990
43,acer,Aspire,Intel,Core i3,11,8,DDR4,256,0,Windows,64,0,0,38990
44,realme,Book,Intel,Core i3,11,8,DDR4,256,0,Windows,64,0,0,46990
45,ASUS,Missing,Intel,Core i3,11,8,DDR4,256,0,Windows,64,0,0,37990
46,ASUS,VivoBook,Intel,Core i3,11,8,DDR4,256,0,Windows,64,0,0,37890
47,Lenovo,IdeaPad,Intel,Core i3,11,8,DDR4,256,0,Windows,64,0,0,38990
48,Lenovo,IdeaPad,Intel,Core i3,10,8,DDR4,256,0,Windows,64,0,0,37990
49,DELL,Vostro,Intel,Core i3,11,8,DDR4,256,0,Windows,64,0,0,41990
50,ASUS,VivoBook,Intel,Core i3,11,8,DDR4,256,0,Windows,64,0,0,45990
51,Lenovo,IdeaPad,Intel,Core i3,11,8,DDR4,256,0,Windows,64,0,0,39990
52,DELL,Inspiron,Intel,Core i3,11,8,DDR4,256,0,Windows,64,0,0,42490
53,Infinix,INBook,Intel,Core i3,10,8,LPDDR4X,256,0,Windows,64,0,0,32990
54,DELL,Vostro,Intel,Core i3,10,4,DDR4,256,0,Windows,64,0,0,36990
55,Lenovo,Ideapad,Intel,Core i3,11,8,DDR4,256,0,Windows,64,0,1,53990
56,ASUS,VivoBook,Intel,Core i3,11,8,DDR4,256,0,Windows,64,0,0,36990
57,Lenovo,IdeaPad,Intel,Core i3,10,4,DDR4,256,0,Windows,64,0,0,38940
58,DELL,Inspiron,Intel,Core i3,10,4,DDR4,256,0,Windows,64,0,0,39490
59,ASUS,VivoBook,Intel,Core i3,11,8,DDR4,256,0,Windows,64,0,0,45990
60,Lenovo,Ideapad,Intel,Core i3,10,8,DDR4,256,0,Windows,64,0,0,39999
61,DELL,Inspiron,Intel,Core i3,11,8,DDR4,256,0,Windows,64,0,0,42990
62,DELL,Inspiron,Intel,Core i3,11,8,DDR4,256,0,Windows,64,0,1,49990
63,DELL,Vostro,Intel,Core i3,11,8,DDR4,256,0,Windows,64,0,0,41490
64,DELL,Inspiron,Intel,Core i3,11,8,DDR4,256,0,Windows,64,0,0,41990
65,Lenovo,Ideapad,Intel,Core i3,11,8,DDR4,256,0,Windows,64,0,0,41990
66,Infinix,INBook,Intel,Core i3,10,8,LPDDR4X,256,0,Windows,64,0,0,32990
67,ASUS,VivoBook,Intel,Core i3,11,8,DDR4,256,0,Windows,64,0,0,38490
68,Lenovo,Missing,Intel,Core i3,11,4,DDR4,256,0,Windows,64,0,0,38990
69,Lenovo,ThinkPad,Intel,Core i3,11,4,DDR4,256,0,Windows,64,0,0,44990
70,Lenovo,IdeaPad,Intel,Core i3,10,4,DDR4,256,0,Windows,64,0,0,36490
71,Lenovo,Missing,Intel,Core i3,10,8,DDR4,256,0,Windows,32,0,0,38970
72,HP,Missing,Intel,Core i3,11,4,DDR4,256,0,Windows,64,0,0,44900
73,MSI,Missing,Intel,Core i3,10,4,DDR4,256,0,Windows,64,0,0,38990
74,DELL,Vostro,Intel,Core i3,11,4,DDR4,256,0,Windows,64,0,0,44427
75,ASUS,VivoBook,Intel,Core i3,10,4,DDR4,256,0,Windows,64,0,0,35990
76,Lenovo,Ideapad,Intel,Core i3,10,4,DDR4,256,0,Windows,64,0,0,40200
77,Lenovo,Missing,Intel,Core i3,10,4,DDR4,256,0,Windows,32,0,0,40990
78,DELL,Inspiron,Intel,Core i3,10,4,DDR4,256,0,Windows,64,0,0,42490
79,realme,Book,Intel,Core i3,11,4,DDR4,256,0,Windows,64,0,0,47999
81,DELL,Missing,Intel,Core i3,11,4,DDR4,256,0,Windows,64,0,1,71999
82,ASUS,VivoBook,Intel,Core i3,11,4,DDR4,256,0,Windows,64,0,0,39990
83,Lenovo,IdeaPad,Intel,Core i3,10,4,DDR4,256,0,Windows,64,0,0,41998
84,ASUS,Missing,Intel,Core i3,11,4,DDR4,256,0,Windows,32,0,0,41990
85,Lenovo,Ideapad,Intel,Core i3,10,4,DDR4,256,0,Windows,64,0,0,39999
86,ASUS,Commercial,Intel,Core i3,10,4,DDR4,256,0,Windows,32,0,0,39990
87,Lenovo,Ideapad,Intel,Core i3,11,4,DDR4,256,0,Windows,64,0,0,39998
88,HP,14s,Intel,Core i3,11,4,DDR4,256,0,Windows,64,0,0,42490
89,Lenovo,Missing,Intel,Core i3,10,4,DDR4,256,0,Windows,32,0,0,41990
90,ASUS,Missing,Intel,Core i3,11,4,DDR4,256,0,Windows,32,0,0,48490
91,HP,Missing,Intel,Core i3,11,4,DDR4,256,0,Windows,64,0,0,44376
92,DELL,Missing,Intel,Core i3,11,4,DDR4,256,0,Windows,32,0,0,43900
93,DELL,INSPIRON,Intel,Core i3,11,4,DDR4,256,0,Windows,64,0,0,46690
94,Lenovo,Missing,Intel,Core i3,10,4,DDR4,256,0,Windows,32,0,0,40990
95,DELL,Inspiron,Intel,Core i3,10,4,DDR4,256,0,Windows,64,0,0,39990
96,Lenovo,V15,Intel,Core i3,11,4,DDR4,256,0,Windows,64,0,0,43990
97,ASUS,VivoBook,Intel,Core i3,11,4,DDR4,256,0,Windows,64,0,0,36990
98,DELL,Missing,Intel,Core i3,11,8,DDR4,256,0,Windows,64,0,0,48500
99,ASUS,VivoBook,Intel,Core i3,11,8,DDR4,256,0,Windows,64,0,0,48990
101,HP,Pavilion,Intel,Core i3,8,4,DDR4,256,0,Windows,64,0,1,54238
102,ASUS,VivoBook,Intel,Core i3,10,8,DDR4,512,0,Windows,64,0,0,37990
103,HP,Missing,Intel,Core i3,11,8,DDR4,512,0,Windows,64,0,0,42990
104,HP,Missing,Intel,Core i3,11,8,DDR4,512,0,Windows,64,0,0,42990
105,ASUS,VivoBook,Intel,Core i3,10,4,DDR4,512,0,Windows,64,0,0,35990
106,RedmiBook,15,Intel,Core i3,11,8,DDR4,512,0,Windows,32,0,0,42990
107,ASUS,VivoBook,Intel,Core i3,11,8,DDR4,512,0,Windows,64,0,0,42990
108,ASUS,VivoBook,Intel,Core i3,11,8,LPDDR4X,512,0,Windows,32,0,1,51990
109,ASUS,VivoBook,Intel,Core i3,11,8,DDR4,512,0,Windows,64,0,0,48990
110,ASUS,VivoBook,Intel,Core i3,11,8,DDR4,512,0,Windows,64,0,0,42990
111,Lenovo,Missing,Intel,Core i3,10,8,DDR4,512,0,Windows,64,0,0,38990
112,DELL,Inspiron,Intel,Core i3,11,8,DDR4,512,0,Windows,64,0,0,45990
113,HP,Missing,Intel,Core i3,10,8,DDR4,512,0,Windows,64,0,0,42490
114,HP,Missing,Intel,Core i3,11,8,DDR4,512,0,Windows,64,0,0,43970
115,ASUS,Missing,Intel,Core i3,10,4,DDR4,512,0,Windows,64,0,0,39990
116,MSI,Missing,Intel,Core i3,11,8,DDR4,512,0,Windows,64,0,0,48990
117,HP,Pavilion,Intel,Core i3,11,8,DDR4,512,0,Windows,64,0,0,54990
118,MSI,Missing,Intel,Core i3,10,8,DDR4,512,0,Windows,64,0,0,40990
119,ASUS,VivoBook,Intel,Core i3,11,8,DDR4,512,0,Windows,64,0,0,41990
120,Lenovo,IdeaPad,Intel,Core i3,11,8,DDR4,512,0,Windows,64,0,1,54990
121,ASUS,VivoBook,Intel,Core i3,11,8,DDR4,512,0,Windows,64,0,0,44990
122,HP,Missing,Intel,Core i3,11,8,DDR4,512,0,Windows,64,0,0,41250
123,HP,Missing,Intel,Core i3,11,8,DDR4,512,0,Windows,64,0,0,44990
124,ASUS,VivoBook,Intel,Core i3,11,8,DDR4,512,0,Windows,64,0,0,42990
125,DELL,Missing,Intel,Core i3,11,8,DDR4,512,0,Windows,64,0,1,60790
126,HP,Missing,Intel,Core i3,11,8,DDR4,512,0,Windows,64,0,0,45650
127,DELL,Vostro,Intel,Core i3,10,8,DDR4,512,0,Windows,64,0,0,41990
128,DELL,Inspiron,Intel,Core i3,10,8,DDR4,512,0,Windows,64,0,0,45490
129,ASUS,VivoBook,Intel,Core i3,11,8,DDR4,512,0,Windows,64,0,0,44990
130,Lenovo,IdeaPad,Intel,Core i3,11,8,DDR4,512,0,Windows,64,0,0,42990
131,HP,15s,Intel,Core i3,11,4,DDR4,512,0,Windows,64,0,0,45490
132,HP,Missing,Intel,Core i3,10,4,DDR4,512,0,Windows,32,0,0,38799
133,HP,Pavilion,Intel,Core i3,11,4,DDR4,512,0,Windows,64,0,1,69267
134,ASUS,VivoBook,Intel,Core i3,11,4,DDR4,512,0,Windows,64,0,0,51649
135,HP,Missing,Intel,Core i3,11,4,DDR4,512,0,Windows,64,0,0,47990
136,ASUS,VivoBook,Intel,Core i3,10,4,DDR4,512,0,Windows,64,0,0,40990
137,ASUS,Missing,Intel,Core i3,10,4,DDR4,512,0,Windows,64,0,0,42990
138,ASUS,VivoBook,Intel,Core i3,11,4,DDR4,512,0,Windows,64,0,0,44890
139,ASUS,VivoBook,Intel,Core i3,10,4,DDR4,512,0,Windows,64,0,0,41490
140,HP,15s,Intel,Core i3,11,4,DDR4,512,0,Windows,32,0,0,50990
141,HP,Missing,Intel,Core i3,11,4,DDR4,512,0,Windows,64,0,0,48900
142,ASUS,VivoBook,Intel,Core i3,10,4,DDR4,512,0,Windows,64,0,0,40990
143,DELL,Vostro,Intel,Core i3,10,4,DDR4,512,0,Windows,64,0,0,41790
144,Lenovo,Ideapad,Intel,Core i3,11,4,DDR4,512,0,Windows,64,0,1,57999
145,DELL,Inspiron,Intel,Core i3,11,8,DDR4,512,0,Windows,64,0,0,45930
146,HP,Pavilion,Intel,Core i3,11,8,DDR4,512,0,Windows,64,0,1,55490
147,ASUS,VivoBook,Intel,Core i3,10,8,DDR4,0,1024,Windows,64,0,0,32890
148,Lenovo,IdeaPad,Intel,Core i3,10,8,DDR4,0,1024,Windows,64,0,0,35990
149,DELL,Inspiron,Intel,Core i3,11,8,DDR4,0,1024,Windows,64,0,0,42490
150,DELL,Vostro,Intel,Core i3,11,8,DDR4,0,1024,Windows,64,0,0,42190
151,DELL,Vostro,Intel,Core i3,10,8,DDR4,0,1024,Windows,64,0,0,39490
152,HP,15s,Intel,Core i3,11,8,DDR4,0,1024,Windows,64,0,0,43690
153,ASUS,VivoBook,Intel,Core i3,10,4,DDR4,0,1024,Windows,64,0,0,35990
154,DELL,3000,Intel,Core i3,11,8,DDR4,0,1024,Windows,32,0,0,43800
155,Lenovo,Missing,Intel,Core i3,10,8,DDR4,0,1024,Windows,32,0,0,38990
156,ASUS,VivoBook,Intel,Core i3,10,4,DDR4,0,1024,Windows,64,0,0,34990
157,ASUS,VivoBook,Intel,Core i3,11,8,DDR4,0,1024,Windows,64,0,0,38900
158,DELL,Inspiron,Intel,Core i3,10,4,DDR4,0,1024,Windows,64,0,0,39990
159,DELL,INSPIRON,Intel,Core i3,10,4,DDR4,0,1024,Windows,32,0,0,40890
160,Lenovo,Missing,Intel,Core i3,10,4,DDR4,0,1024,Windows,64,0,0,36990
161,HP,15s,Intel,Core i3,11,4,DDR4,0,1024,Windows,64,0,0,39990
162,HP,Missing,Intel,Core i3,11,4,DDR4,0,1024,Windows,64,0,0,41990
163,DELL,Missing,Intel,Core i3,11,4,DDR4,0,1024,Windows,32,0,0,43970
164,HP,Notebook,Intel,Core i3,11,4,DDR4,0,1024,Windows,64,0,0,39790
165,ASUS,Missing,Intel,Core i3,10,4,DDR4,0,1024,Windows,32,0,0,35590
166,HP,14s,Intel,Core i3,10,4,DDR4,0,1024,Windows,64,0,0,36490
167,ASUS,VivoBook,Intel,Core i3,10,4,DDR4,0,1024,Windows,64,0,0,38990
168,ASUS,Missing,Intel,Core i3,10,4,DDR4,0,1024,Windows,32,0,0,33990
169,DELL,Inspiron,Intel,Core i3,10,4,DDR4,0,1024,Windows,64,0,0,43400
171,HP,15s,Intel,Core i3,10,4,DDR4,0,1024,Windows,64,0,0,40750
172,DELL,Inspiron,Intel,Core i3,10,4,DDR4,0,1024,Windows,64,0,0,43000
173,ASUS,Vivo,Intel,Core i3,10,4,DDR4,0,1024,Windows,64,0,0,38000
174,DELL,Inspiron,Intel,Core i3,11,8,DDR4,0,1024,Windows,64,0,0,37990
175,HP,DA,Intel,Core i3,7,8,DDR4,0,1024,Windows,64,2,0,49279
176,Lenovo,Missing,Intel,Core i3,10,8,DDR4,0,1024,Windows,32,0,0,38999
177,ASUS,Missing,Intel,Core i3,11,8,DDR4,0,1024,Windows,32,0,0,41500
178,acer,Missing,Intel,Core i3,11,4,DDR4,0,1024,Windows,32,0,0,36999
179,DELL,Missing,Intel,Core i3,11,8,DDR4,0,1024,Windows,32,0,0,42900
181,DELL,Insprion,Intel,Core i3,11,8,DDR4,0,1024,Windows,32,0,0,41480
182,ASUS,VivoBook,Intel,Core i3,10,8,DDR4,0,1024,Windows,64,0,0,32990
183,ASUS,VivoBook,Intel,Core i3,11,8,DDR4,0,1024,Windows,64,0,0,38680
185,DELL,Missing,Intel,Core i3,10,8,DDR4,0,1024,Windows,64,0,0,40390
186,ASUS,VivoBook,Intel,Core i3,10,4,DDR4,0,1024,Windows,64,0,0,33990
188,DELL,Vostro,Intel,Core i3,10,8,DDR4,256,1024,Windows,64,0,0,41490
189,DELL,Inspiron,Intel,Core i3,11,8,DDR4,256,1024,Windows,64,0,0,45490
190,DELL,Inspiron,Intel,Core i3,11,8,DDR4,256,1024,Windows,64,0,0,44490
191,ASUS,VivoBook,Intel,Core i3,11,8,DDR4,256,1024,Windows,64,0,0,41890
192,DELL,Vostro,Intel,Core i3,11,4,DDR4,256,1024,Windows,64,0,0,42990
193,acer,Travelmate,Intel,Core i3,11,8,DDR4,256,1024,Windows,64,0,0,40990
194,DELL,Inspiron,Intel,Core i3,11,8,DDR4,256,1024,Windows,64,0,0,48990
195,DELL,Vostro,Intel,Core i3,11,4,DDR4,256,1024,Windows,64,0,0,43590
196,DELL,Inspiron,Intel,Core i3,10,4,DDR4,256,1024,Windows,64,0,0,44690
197,ASUS,ExpertBook,Intel,Core i3,10,4,DDR4,256,1024,Windows,64,0,0,40990
198,DELL,Vostro,Intel,Core i3,11,4,DDR4,256,1024,Windows,64,0,0,43990
199,DELL,Vostro,Intel,Core i3,11,4,DDR4,256,1024,Windows,64,0,0,43590
200,DELL,Vostro,Intel,Core i3,10,4,DDR4,256,1024,Windows,64,0,0,41390
201,DELL,Vostro,Intel,Core i3,10,4,DDR4,256,1024,Windows,64,0,0,44290
202,DELL,Inspiron,Intel,Core i3,11,4,DDR4,256,1024,Windows,64,0,0,48999
203,DELL,Vostro,Intel,Core i3,11,4,DDR4,256,1024,Windows,64,0,0,39990
204,DELL,Missing,Intel,Core i3,10,8,DDR4,256,1024,Windows,64,0,0,46390
216,acer,Swift,Intel,Core i5,10,8,LPDDR4,0,512,DOS,32,0,0,94190
217,ASUS,ROG,Intel,Core i5,10,8,LPDDR4,0,512,DOS,32,4,0,106167
218,DELL,Missing,Intel,Core i5,10,8,LPDDR4,0,512,DOS,32,4,0,68090
219,DELL,XPS,Intel,Core i5,10,8,LPDDR4,0,512,DOS,32,0,0,139990
220,HP,15s,Intel,Core i5,10,8,LPDDR4,0,512,DOS,32,0,0,55990
221,HP,Omen,Intel,Core i5,10,8,LPDDR4,0,512,DOS,32,4,0,102551
222,lenovo,Ideapad,Intel,Core i5,10,8,LPDDR4,0,512,DOS,32,0,0,72990
223,Lenovo,Ideapad,Intel,Core i5,10,8,LPDDR4,0,512,DOS,32,2,0,46990
224,MICROSOFT,Surface,Intel,Core i5,10,8,LPDDR4X,128,0,Windows,64,0,1,100190
225,Smartron,t.book,Intel,Core i5,7,8,DDR3,128,0,Windows,64,0,1,52990
226,MICROSOFT,Surface,Intel,Core i5,8,8,DDR3,128,0,Windows,64,0,1,91999
227,Smartron,t.book,Intel,Core i5,7,4,DDR3,128,0,Windows,64,0,1,52990
228,HP,Pavilion,Intel,Core i5,8,8,DDR4,128,0,Windows,64,0,0,76012
229,Lenovo,Ideapad,Intel,Core i5,11,8,DDR4,256,0,Windows,64,0,0,49490
230,lenovo,Yoga,Intel,Core i5,10,8,LPDDR4,0,512,DOS,32,0,0,102990
231,acer,Swift,Intel,Core i5,7,8,DDR3,256,0,Windows,64,0,0,86867
232,LG,Gram,Intel,Core i5,10,8,DDR4,256,0,Windows,64,0,0,76990
233,LG,Gram,Intel,Core i5,11,8,DDR4,256,0,Windows,64,0,0,76990
234,ASUS,VivoBook,Intel,Core i5,11,8,DDR4,256,0,Windows,64,0,0,48990
235,LG,Gram,Intel,Core i5,10,8,DDR4,256,0,Windows,64,0,0,62990
236,DELL,Inspiron,Intel,Core i5,11,8,DDR4,256,0,Windows,64,0,0,55990
237,acer,Swift,Intel,Core i5,8,8,DDR3,256,0,Windows,64,0,1,81998
238,LG,Gram,Intel,Core i5,11,8,DDR4,256,0,Windows,64,0,0,76990
239,HP,Spectre,Intel,Core i5,8,8,DDR4,256,0,Windows,64,0,1,136590
240,acer,Swift,Intel,Core i5,8,8,DDR4,256,0,Windows,64,0,0,59490
241,ASUS,VivoBook14,Intel,Core i5,11,8,DDR4,256,0,Windows,64,0,0,49800
242,Lenovo,Ideapad,Intel,Core i5,11,8,DDR4,256,0,Windows,64,0,0,61999
243,HP,Missing,Intel,Core i5,11,8,DDR4,512,0,Windows,64,0,0,54990
244,HP,Missing,Intel,Core i5,11,8,DDR4,512,0,Windows,64,0,0,53990
245,Lenovo,Ideapad,Intel,Core i5,11,8,DDR4,512,0,Windows,64,0,0,52990
246,HP,Pavilion,Intel,Core i5,11,16,DDR4,512,0,Windows,64,0,0,67990
247,ASUS,TUF,Intel,Core i5,10,8,DDR4,512,0,Windows,64,4,0,57990
248,Lenovo,Ideapad,Intel,Core i5,11,16,DDR4,512,0,Windows,64,0,0,62300
249,realme,Book(Slim),Intel,Core i5,11,8,DDR4,512,0,Windows,64,0,0,52990
250,Lenovo,Missing,Intel,Core i5,11,8,DDR4,512,0,Windows,64,0,0,52990
251,Lenovo,IdeaPad,Intel,Core i5,11,8,DDR4,512,0,Windows,64,0,0,51990
252,Lenovo,IdeaPad,Intel,Core i5,11,16,DDR4,512,0,Windows,64,0,0,61990
253,RedmiBook,Pro,Intel,Core i5,11,8,DDR4,512,0,Windows,32,0,0,48990
254,ASUS,VivoBook,Intel,Core i5,11,8,LPDDR4X,512,0,Windows,32,0,1,63990
255,Lenovo,ThinkPad,Intel,Core i5,11,8,DDR4,512,0,Windows,64,0,0,65990
256,Nokia,PureBook,Intel,Core i5,10,8,DDR4,512,0,Windows,64,0,0,47990
257,acer,Aspire,Intel,Core i5,11,8,DDR4,512,0,Windows,64,0,0,52990
258,Lenovo,IdeaPad,Intel,Core i5,10,8,DDR4,512,0,Windows,64,0,0,49990
259,ASUS,ASUS,Intel,Core i5,11,8,DDR4,512,0,Windows,64,4,0,71990
260,ASUS,VivoBook,Intel,Core i5,10,8,DDR4,512,0,Windows,64,0,0,47990
261,Nokia,PureBook,Intel,Core i5,10,8,DDR4,512,0,Windows,64,0,0,45990
262,Lenovo,IdeaPad,Intel,Core i5,10,8,DDR4,512,0,Windows,32,0,0,48490
263,ASUS,ASUS,Intel,Core i5,11,8,DDR4,512,0,Windows,64,4,0,72990
264,MSI,Katana,Intel,Core i5,11,16,DDR4,512,0,Windows,64,4,0,76990
265,ASUS,TUF,Intel,Core i5,11,16,DDR4,512,0,Windows,64,6,0,89990
266,MSI,GF63,Intel,Core i5,10,8,DDR4,512,0,Windows,64,4,0,59990
267,ASUS,TUF,Intel,Core i5,10,8,DDR4,512,0,Windows,64,4,0,65990
268,DELL,Inspiron,Intel,Core i5,11,8,DDR4,512,0,Windows,64,0,1,71990
269,DELL,Inspiron,Intel,Core i5,11,8,DDR4,512,0,Windows,64,0,1,71890
270,Lenovo,IdeaPad,Intel,Core i5,11,16,DDR4,512,0,Windows,64,0,0,64990
271,ASUS,VivoBook,Intel,Core i5,11,16,DDR4,512,0,Windows,64,0,0,65990
272,HP,Missing,Intel,Core i5,11,8,DDR4,512,0,Windows,64,0,0,55999
273,ASUS,VivoBook,Intel,Core i5,11,16,DDR4,512,0,Windows,64,4,0,73490
274,HP,Pavilion,Intel,Core i5,11,16,DDR4,512,0,Windows,64,0,0,74490
275,HP,Pavilion,Intel,Core i5,11,8,DDR4,512,0,Windows,64,0,0,58340
276,acer,Aspire,Intel,Core i5,11,8,DDR4,512,0,Windows,64,0,0,55999
277,DELL,Inspiron,Intel,Core i5,11,16,DDR4,512,0,Windows,64,0,0,67990
278,ASUS,VivoBook,Intel,Core i5,11,16,DDR4,512,0,Windows,64,0,0,59990
279,ASUS,TUF,Intel,Core i5,11,16,DDR4,512,0,Windows,64,6,0,82990
280,DELL,Vostro,Intel,Core i5,11,8,DDR4,512,0,Windows,64,2,0,64190
281,DELL,Missing,Intel,Core i5,11,16,DDR4,512,0,Windows,64,0,0,70090
282,realme,Book(Slim),Intel,Core i5,11,8,DDR4,512,0,Windows,64,0,0,60999
283,ASUS,Missing,Intel,Core i5,10,8,DDR4,512,0,Windows,64,2,0,49990
284,MSI,Missing,Intel,Core i5,11,8,DDR4,512,0,Windows,64,0,0,55490
285,HP,Spectre,Intel,Core i5,11,8,LPDDR4X,512,0,Windows,64,0,1,97990
286,ASUS,VivoBook,Intel,Core i5,9,8,DDR4,512,0,Windows,64,4,0,54990
287,Lenovo,Thinkbook,Intel,Core i5,11,8,DDR4,512,0,Windows,64,0,0,59990
288,Lenovo,IdeaPad,Intel,Core i5,11,8,DDR4,512,0,Windows,64,0,0,53990
289,HP,Pavilion,Intel,Core i5,11,16,DDR4,512,0,Windows,64,0,0,66999
290,acer,Intel,Intel,Core i5,11,8,LPDDR4X,512,0,Windows,64,0,0,60990
291,ASUS,Missing,Intel,Core i5,10,8,DDR4,512,0,Windows,64,0,0,47990
292,HP,Missing,Intel,Core i5,11,8,DDR4,512,0,Windows,32,0,0,59999
293,DELL,G15,Intel,Core i5,10,16,DDR4,512,0,Windows,64,4,0,79990
294,ASUS,TUF,Intel,Core i5,10,8,DDR4,512,0,Windows,64,4,0,63990
295,HP,Pavilion,Intel,Core i5,11,8,DDR4,512,0,Windows,64,0,0,63990
296,ASUS,VivoBook,Intel,Core i5,11,16,DDR4,512,0,Windows,64,0,0,59990
297,Lenovo,IdeaPad,Intel,Core i5,11,8,DDR4,512,0,Windows,64,0,0,55990
298,ASUS,VivoBook,Intel,Core i5,11,16,DDR4,512,0,Windows,64,0,0,59990
299,HP,Pavilion,Intel,Core i5,11,8,DDR4,512,0,Windows,64,0,0,63990
300,DELL,Vostro,Intel,Core i5,11,16,DDR4,512,0,Windows,64,2,0,69490
301,DELL,Inspiron,Intel,Core i5,11,16,DDR4,512,0,Windows,64,0,1,89390
302,ASUS,ZenBook,Intel,Core i5,11,8,LPDDR4X,512,0,Windows,64,0,0,74990
303,Lenovo,Thinkbook,Intel,Core i5,11,8,DDR4,512,0,Windows,64,0,1,64990
304,Lenovo,Legion,Intel,Core i5,10,8,DDR4,512,0,Windows,64,4,0,66490
305,DELL,Inspiron,Intel,Core i5,11,16,DDR4,512,0,Windows,64,2,0,89702
306,Lenovo,Ideapad,Intel,Core i5,11,16,DDR4,512,0,Windows,64,2,0,70990
307,Infinix,INBook,Intel,Core i5,10,8,LPDDR4X,512,0,Windows,64,0,0,42490
308,ASUS,VivoBook,Intel,Core i5,11,16,DDR4,512,0,Windows,64,0,1,58990
309,Lenovo,Ideapad,Intel,Core i5,10,8,DDR4,512,0,Windows,64,2,0,57500
310,DELL,Inspiron,Intel,Core i5,11,8,DDR4,512,0,Windows,64,2,1,79990
311,MSI,Modern,Intel,Core i5,10,8,DDR4,512,0,Windows,64,0,0,56541
312,ASUS,Missing,Intel,Core i5,11,16,DDR4,512,0,Windows,64,0,0,59990
313,Lenovo,ThinkBook,Intel,Core i5,11,16,DDR4,512,0,Windows,64,0,0,64990
314,DELL,Missing,Intel,Core i5,11,8,DDR4,512,0,Windows,64,0,0,61290
315,Lenovo,Missing,Intel,Core i5,11,8,DDR4,512,0,Windows,64,0,0,54990
316,Lenovo,ThinkBook,Intel,Core i5,11,8,DDR4,512,0,Windows,64,0,0,59990
317,ASUS,ASUS,Intel,Core i5,11,8,DDR4,512,0,Windows,32,6,0,84990
318,HP,Pavilion,Intel,Core i5,11,8,DDR4,512,0,Windows,64,0,0,72500
319,Lenovo,IdeaPad,Intel,Core i5,11,8,DDR4,512,0,Windows,64,4,0,59990
320,Lenovo,Yoga,Intel,Core i5,11,8,DDR4,512,0,Windows,64,0,1,87990
321,HP,14s,Intel,Core i5,11,8,DDR4,512,0,Windows,64,0,0,57990
322,DELL,Inspiron,Intel,Core i5,11,8,DDR4,512,0,Windows,64,0,0,69490
323,Lenovo,Thinkbook,Intel,Core i5,11,8,DDR4,512,0,Windows,64,0,1,68990
324,Lenovo,Missing,Intel,Core i5,11,8,DDR4,512,0,Windows,32,0,0,77990
325,ASUS,ZenBook,Intel,Core i5,11,8,LPDDR4X,512,0,Windows,64,0,1,105990
326,MSI,Prestige,Intel,Core i5,11,8,LPDDR4X,512,0,Windows,64,0,0,79990
327,DELL,Vostro,Intel,Core i5,11,8,DDR4,512,0,Windows,64,0,0,55490
328,Lenovo,IdeaPad,Intel,Core i5,11,8,DDR4,512,0,Windows,64,0,0,69990
329,ASUS,Zenbook,Intel,Core i5,11,8,DDR4,512,0,Windows,64,0,1,84990
330,DELL,Inspiron,Intel,Core i5,11,8,DDR4,512,0,Windows,64,0,0,59990
331,DELL,XPS,Intel,Core i5,10,8,LPDDR4X,512,0,Windows,64,0,0,111890
332,DELL,Inspiron,Intel,Core i5,11,8,DDR4,512,0,Windows,64,2,0,65990
333,ASUS,Zenbook,Intel,Core i5,11,8,LPDDR4X,512,0,Windows,32,0,0,72990
334,DELL,Inspiron,Intel,Core i5,11,8,DDR4,512,0,Windows,64,0,0,71090
335,MSI,Katana,Intel,Core i5,11,8,DDR4,512,0,Windows,64,4,0,74990
336,ASUS,ZenBook,Intel,Core i5,10,8,LPDDR3,512,0,Windows,64,0,0,79990
337,MSI,Modern,Intel,Core i5,11,8,DDR4,512,0,Windows,64,0,0,55490
338,DELL,Vostro,Intel,Core i5,11,8,DDR4,512,0,Windows,64,2,0,66490
339,ASUS,VivoBook,Intel,Core i5,11,8,DDR4,512,0,Windows,64,0,0,53400
340,DELL,Inspiron,Intel,Core i5,11,8,DDR4,512,0,Windows,64,0,1,74500
341,DELL,XPS,Intel,Core i5,11,8,LPDDR4X,512,0,Windows,64,0,0,114990
342,DELL,Vostro,Intel,Core i5,11,8,DDR4,512,0,Windows,64,2,0,61990
343,APPLE,MacBook,Intel,Core i5,10,8,LPDDR4X,512,0,Mac,64,0,0,159990
344,APPLE,MacBook,Intel,Core i5,8,8,DDR3,512,0,Mac,64,0,0,172090
345,MSI,Sword,Intel,Core i5,11,8,DDR4,512,0,Windows,64,4,0,74990
346,MSI,Modern,Intel,Core i5,10,8,DDR4,512,0,Windows,64,0,0,56490
347,Lenovo,ThinkPad,Intel,Core i5,10,8,DDR4,512,0,Windows,64,0,0,147000
348,Lenovo,Ideapad,Intel,Core i5,11,8,DDR4,512,0,Windows,64,0,0,55990
349,HP,Pavilion,Intel,Core i5,11,8,DDR4,512,0,Windows,64,4,0,77990
350,HP,Envy,Intel,Core i5,10,8,DDR4,512,0,Windows,64,4,0,106490
351,Lenovo,IdeaPad,Intel,Core i5,11,8,DDR4,512,0,Windows,32,2,0,70990
352,Lenovo,ThinkPad,Intel,Core i5,11,8,DDR4,512,0,Windows,64,0,0,64990
353,acer,Aspire,Intel,Core i5,11,8,DDR4,512,0,Windows,64,0,0,57990
354,ASUS,TUF,Intel,Core i5,10,8,DDR4,512,0,Windows,64,4,0,64990
355,MSI,Modern,Intel,Core i5,10,8,DDR4,512,0,Windows,64,0,0,54990
356,Vaio,SE,Intel,Core i5,8,8,DDR4,512,0,Windows,64,0,0,62890
357,HP,Spectre,Intel,Core i5,11,8,LPDDR4X,512,0,Windows,64,0,1,111999
358,Lenovo,Yoga,Intel,Core i5,10,8,LPDDR4X,512,0,Windows,64,2,0,70798
359,Lenovo,Legion,Intel,Core i5,9,8,DDR4,512,0,Windows,64,4,0,59990
360,acer,ConceptD,Intel,Core i5,8,8,DDR4,512,0,Windows,64,4,0,99500
361,HP,14s,Intel,Core i5,10,8,DDR4,512,0,Windows,64,0,0,55990
362,ASUS,ZenBook,Intel,Core i5,8,8,LPDDR3,512,0,Windows,64,0,0,72990
363,acer,Swift,Intel,Core i5,8,8,DDR3,512,0,Windows,64,0,0,64990
364,ASUS,Missing,Intel,Core i5,11,8,DDR4,512,0,Windows,64,0,0,57990
365,HP,HP,Intel,Core i5,11,8,DDR4,512,0,Windows,64,2,1,76990
366,Lenovo,Ideapad,Intel,Core i5,11,8,DDR4,512,0,Windows,64,0,0,62998
367,DELL,Inspiron,Intel,Core i5,11,8,DDR4,512,0,Windows,64,0,1,77990
368,HP,Spectre,Intel,Core i5,10,8,DDR4,512,0,Windows,64,0,1,114990
369,DELL,DELL,Intel,Core i5,10,8,DDR4,512,0,Windows,64,2,0,65990
370,DELL,Inspiron,Intel,Core i5,11,8,DDR4,512,0,Windows,64,2,0,88990
371,Lenovo,X390,Intel,Core i5,10,8,DDR4,512,0,Windows,64,0,0,113590
372,Mi,Notebook,Intel,Core i5,10,8,DDR4,512,0,Windows,64,2,0,54990
373,ASUS,VivoBook,Intel,Core i5,11,8,LPDDR4X,512,0,Windows,64,0,1,73990
374,LG,Gram,Intel,Core i5,11,8,DDR4,512,0,Windows,64,0,0,86990
375,HP,Missing,Intel,Core i5,11,8,DDR4,512,0,Windows,64,0,0,61000
376,ASUS,ZenBook,Intel,Core i5,11,8,LPDDR4X,512,0,Windows,64,0,1,99990
377,Lenovo,ThinkPad,Intel,Core i5,11,8,DDR4,512,0,Windows,64,0,0,67990
378,DELL,Inspiron,Intel,Core i5,11,8,DDR4,512,0,Windows,64,0,1,70799
379,Lenovo,ThinkPad,Intel,Core i5,11,8,DDR4,512,0,Windows,64,0,0,65990
380,ASUS,VivoBook,Intel,Core i5,8,8,DDR4,512,0,Windows,64,0,0,53690
381,MSI,Modern,Intel,Core i5,11,8,DDR4,512,0,Windows,64,0,0,55990
382,ASUS,VivoBook,Intel,Core i5,11,8,DDR4,512,0,Windows,64,0,0,53190
383,Lenovo,IdeaPad,Intel,Core i5,10,8,DDR4,512,0,Windows,32,2,0,58999
384,DELL,Inspiron,Intel,Core i5,11,8,DDR4,512,0,Windows,64,2,0,71990
385,HP,Missing,Intel,Core i5,11,8,DDR4,512,0,Windows,32,4,0,82000
386,ASUS,ZenBook,Intel,Core i5,11,8,LPDDR4X,512,0,Windows,64,0,0,84990
387,Lenovo,Thinpad,Intel,Core i5,11,8,DDR4,512,0,Windows,64,2,0,89998
388,ASUS,ZenBook,Intel,Core i5,11,8,LPDDR4X,512,0,Windows,64,0,1,99990
389,ASUS,Zenbook,Intel,Core i5,11,8,LPDDR4X,512,0,Windows,64,0,0,84990
390,Lenovo,IdeaPad,Intel,Core i5,10,8,DDR4,512,0,Windows,64,4,0,69899
391,DELL,Inpiron,Intel,Core i5,10,8,DDR4,512,0,Windows,64,4,0,79990
392,DELL,GAMING,Intel,Core i5,10,8,DDR4,512,0,Windows,64,4,0,76300
393,Lenovo,Ideapad,Intel,Core i5,10,8,DDR4,512,0,Windows,64,0,0,55999
394,DELL,Inspiron,Intel,Core i5,11,8,DDR4,512,0,Windows,64,0,0,72900
395,DELL,Inspiron,Intel,Core i5,11,8,DDR4,512,0,Windows,64,0,1,73990
396,ASUS,ZenBook,Intel,Core i5,11,8,LPDDR4,512,0,Windows,64,0,0,84990
397,DELL,Missing,Intel,Core i5,11,8,DDR4,512,0,Windows,32,2,0,73519
398,HP,Spectre,Intel,Core i5,10,8,DDR4,512,0,Windows,64,0,1,126000
399,lenovo,Yoga,Intel,Core i5,10,8,LPDDR4,0,512,DOS,32,0,0,171998
400,ASUS,ASUS,Intel,Core i5,11,8,DDR4,512,0,Windows,64,6,0,88990
401,HP,HP,Intel,Core i5,11,8,DDR4,512,0,Windows,64,0,1,114999
402,DELL,Inspiron,Intel,Core i5,11,8,DDR4,512,0,Windows,64,2,1,82990
403,acer,Intel,Intel,Core i5,11,8,DDR4,512,0,Windows,64,0,1,109999
404,Lenovo,Yoga,Intel,Core i5,11,8,DDR4,512,0,Windows,64,0,1,82990
405,DELL,Inspiron,Intel,Core i5,11,8,DDR4,512,0,Windows,64,2,1,79990
406,ASUS,ZenBook,Intel,Core i5,11,8,LPDDR4X,512,0,Windows,64,0,1,114990
407,HP,Spectre,Intel,Core i5,11,8,LPDDR4X,512,0,Windows,64,0,1,129999
408,MSI,GS,Intel,Core i5,8,8,DDR5,512,0,Windows,32,6,0,149990
409,DELL,Inspiron,Intel,Core i5,11,8,DDR4,512,0,Windows,64,2,0,71290
410,DELL,Inspiron,Intel,Core i5,10,8,DDR4,512,0,Windows,64,0,0,79500
411,DELL,Inspiron,Intel,Core i5,10,8,DDR4,512,0,Windows,64,2,0,82990
412,DELL,Inspiron,Intel,Core i5,11,8,DDR4,512,0,Windows,64,2,0,70980
413,ASUS,ZenBook,Intel,Core i5,11,8,LPDDR4X,512,0,Windows,64,0,1,99990
414,HP,430,Intel,Core i5,11,8,DDR4,512,0,Windows,32,0,0,94000
415,DELL,Missing,Intel,Core i5,11,8,DDR4,512,0,Windows,64,2,1,82990
416,MSI,Prestige,Intel,Core i5,11,8,LPDDR4X,512,0,Windows,64,0,0,79990
417,ASUS,Pro,Intel,Core i5,8,8,DDR4,512,0,Windows,64,0,0,85990
418,ASUS,ExpertBook,Intel,Core i5,10,8,DDR4,512,0,Windows,64,2,0,86990
419,ASUS,ZenBook,Intel,Core i5,10,8,LPDDR3,512,0,Windows,64,2,0,105990
420,ASUS,ExpertBook,Intel,Core i5,10,8,LPDDR3,512,0,Windows,64,0,0,84990
421,Lenovo,Ideapad,Intel,Core i5,8,8,DDR4,512,0,Windows,64,2,0,59999
422,Lenovo,Yoga,Intel,Core i5,11,8,DDR4,512,0,Windows,64,0,0,91999
423,DELL,Inspiron,Intel,Core i5,11,8,DDR4,512,0,Windows,64,0,1,78900
424,ASUS,ExpertBook,Intel,Core i5,10,8,LPDDR3,512,0,Windows,64,0,0,132790
425,Nokia,PureBook,Intel,Core i5,11,16,DDR4,512,0,Windows,64,0,0,55990
426,Lenovo,IdeaPad,Intel,Core i5,11,8,DDR4,512,0,Windows,64,4,0,60990
427,Avita,Liber,Intel,Core i5,7,8,DDR4,512,0,Windows,64,0,0,65556
428,DELL,Inspiron,Intel,Core i5,11,16,DDR4,512,0,Windows,64,0,0,70190
429,DELL,Missing,Intel,Core i5,11,8,DDR4,512,0,Windows,64,2,1,79590
430,Avita,Liber,Intel,Core i5,7,8,DDR4,512,0,Windows,64,0,0,65556
431,ASUS,TUF,Intel,Core i5,11,8,DDR4,512,0,Windows,64,4,0,76990
432,Nokia,PureBook,Intel,Core i5,11,8,DDR4,512,0,Windows,64,0,0,52790
433,Avita,Liber,Intel,Core i5,7,8,DDR4,512,0,Windows,64,0,0,65556
434,Avita,Liber,Intel,Core i5,8,8,DDR4,512,0,Windows,64,0,0,44990
435,ASUS,Intel,Intel,Core i5,11,8,DDR4,512,0,Windows,64,0,1,84990
436,Lenovo,Ideapad,Intel,Core i5,10,8,DDR4,512,0,Windows,64,2,1,86999
437,HP,Pavilion,Intel,Core i5,11,16,DDR4,512,0,Windows,64,2,0,78000
438,Avita,Liber,Intel,Core i5,8,8,DDR4,512,0,Windows,64,0,0,73063
439,Avita,Liber,Intel,Core i5,8,8,DDR4,512,0,Windows,64,0,0,73063
440,HP,HP,Intel,Core i5,11,16,DDR4,512,0,Windows,64,4,0,100990
441,Lenovo,Ideapad,Intel,Core i5,8,8,DDR4,512,0,Windows,64,0,0,74990
442,ASUS,ROG,Intel,Core i5,10,8,DDR4,512,0,Windows,64,4,0,75990
443,Lenovo,Missing,Intel,Core i5,11,8,DDR4,512,0,Windows,32,2,0,84086
444,ASUS,ASUS,Intel,Core i5,11,8,DDR4,1024,0,Windows,64,4,0,75990
445,ASUS,TUF,Intel,Core i5,11,8,DDR4,1024,0,Windows,64,4,0,77990
446,ASUS,ROG,Intel,Core i5,10,8,DDR4,1024,0,Windows,64,4,0,77990
447,APPLE,MacBook,Intel,Core i5,10,16,LPDDR4X,1024,0,Mac,64,0,0,179990
448,APPLE,MacBook,Intel,Core i5,10,16,LPDDR4X,1024,0,Mac,64,0,0,179990
449,ASUS,ROG,Intel,Core i5,10,8,DDR4,1024,0,Windows,64,4,0,82990
450,ASUS,TUF,Intel,Core i5,11,8,DDR4,1024,0,Windows,64,4,0,87990
451,ASUS,F17,Intel,Core i5,11,8,DDR4,1024,0,Windows,64,4,0,84500
452,DELL,Inspiron,Intel,Core i5,11,8,LPDDR4X,1024,0,Windows,64,0,0,74190
453,Lenovo,ThinkBook,Intel,Core i5,11,8,DDR4,1024,0,Windows,64,0,0,64990
454,Lenovo,ThinkPad,Intel,Core i5,10,8,DDR4,512,512,Windows,64,0,1,155411
455,Lenovo,ThinkPad,Intel,Core i5,10,8,DDR4,512,512,Windows,64,0,1,125394
456,acer,Aspire,Intel,Core i5,11,8,DDR4,0,1024,Windows,64,0,0,49990
457,acer,Aspire,Intel,Core i5,11,8,DDR4,0,1024,Windows,64,0,0,46990
458,DELL,Vostro,Intel,Core i5,11,8,DDR4,0,1024,Windows,64,0,0,48990
459,acer,Aspire,Intel,Core i5,8,8,DDR4,0,1024,Windows,64,2,0,59999
460,ASUS,VivoBook,Intel,Core i5,10,8,DDR4,0,1024,Windows,64,0,0,46990
461,MSI,GF63,Intel,Core i5,10,8,DDR4,0,1024,Windows,64,4,0,52990
462,Lenovo,Missing,Intel,Core i5,7,8,DDR4,0,1024,Windows,32,2,0,57999
463,Lenovo,B50-70,Intel,Core i5,4,8,DDR3,0,1024,Windows,64,0,0,52490
464,Lenovo,Ideapad,Intel,Core i5,8,8,DDR4,0,1024,Windows,64,4,0,56990
465,acer,Aspire,Intel,Core i5,8,8,DDR4,0,1024,Windows,64,2,0,61990
466,DELL,Missing,Intel,Core i5,11,8,DDR4,0,1024,Windows,32,0,0,58090
467,ASUS,ExpertBook,Intel,Core i5,10,8,DDR4,0,1024,Windows,64,0,0,56990
468,acer,Aspire,Intel,Core i5,8,8,DDR4,0,1024,Windows,64,0,0,61597
469,ASUS,Pro,Intel,Core i5,8,8,DDR4,0,1024,Windows,64,0,0,81990
470,ASUS,ExpertBook,Intel,Core i5,10,8,DDR4,0,1024,Windows,64,0,0,61249
471,DELL,Missing,Intel,Core i5,11,8,DDR4,0,1024,Windows,32,0,0,58990
472,ASUS,ExpertBook,Intel,Core i5,10,8,DDR4,0,1024,Windows,64,2,0,83990
473,MSI,GE76,Intel,Core i5,10,8,LPDDR4,0,512,DOS,32,6,0,291190
474,MSI,GP65,Intel,Core i5,10,8,LPDDR4,0,512,DOS,32,6,0,145990
475,MSI,GP76,Intel,Core i5,10,8,LPDDR4,0,512,DOS,32,8,0,179990
476,HP,Pavilion,Intel,Core i5,8,8,DDR4,0,1024,Windows,64,2,0,64990
477,HP,15q,Intel,Core i5,8,8,DDR4,0,1024,Windows,64,0,0,46790
478,HP,Missing,Intel,Core i5,7,4,DDR4,0,1024,Windows,64,0,0,44599
479,acer,Swift,Intel,Core i5,8,8,DDR4,0,1024,Windows,64,2,0,72964
480,HP,250,Intel,Core i5,10,8,DDR4,0,1024,Windows,32,0,0,48790
481,acer,Aspire,Intel,Core i5,10,8,DDR4,0,1024,Windows,64,2,0,56491
482,ASUS,VivoBook,Intel,Core i5,11,8,DDR4,256,1024,Windows,32,0,0,50990
483,ASUS,VivoBook,Intel,Core i5,10,8,DDR4,256,1024,Windows,64,4,0,55990
484,acer,Aspire,Intel,Core i5,11,8,DDR4,256,1024,Windows,64,0,0,57990
485,ASUS,VivoBook,Intel,Core i5,11,8,DDR4,256,1024,Windows,64,0,0,52990
486,DELL,Inspiron,Intel,Core i5,11,8,DDR4,256,1024,Windows,64,0,0,57990
487,acer,Aspire,Intel,Core i5,11,8,DDR4,256,1024,Windows,64,0,0,56990
488,acer,Travelmate,Intel,Core i5,11,8,DDR4,256,1024,Windows,64,0,0,55490
489,DELL,Inspiron,Intel,Core i5,11,8,DDR4,256,1024,Windows,64,2,0,62490
490,ASUS,VivoBook,Intel,Core i5,11,16,DDR4,256,1024,Windows,64,0,0,64990
491,Lenovo,Ideapad,Intel,Core i5,11,8,DDR4,256,1024,Windows,64,2,0,59990
492,ASUS,VivoBook,Intel,Core i5,11,8,DDR4,256,1024,Windows,64,2,0,60190
493,ASUS,VivoBook,Intel,Core i5,9,8,DDR4,256,1024,Windows,64,4,0,54490
494,Lenovo,Legion,Intel,Core i5,9,8,DDR4,256,1024,Windows,64,4,0,60990
495,DELL,Inspiron,Intel,Core i5,11,4,DDR4,256,1024,Windows,64,0,0,55790
496,ASUS,VivoBook,Intel,Core i5,11,16,DDR4,256,1024,Windows,64,0,0,64990
497,ASUS,Missing,Intel,Core i5,11,16,DDR4,256,1024,Windows,64,0,0,58990
498,DELL,Vostro,Intel,Core i5,11,8,DDR4,256,1024,Windows,64,0,0,54990
499,HP,Pavilion,Intel,Core i5,11,8,DDR4,256,1024,Windows,64,4,0,71990
500,DELL,3511,Intel,Core i5,11,8,DDR4,256,1024,Windows,64,2,0,69900
501,Lenovo,Ideapad,Intel,Core i5,11,8,DDR4,256,1024,Windows,64,2,0,65990
502,ASUS,VivoBook,Intel,Core i5,11,8,DDR4,256,1024,Windows,64,0,0,49990
503,DELL,Vostro,Intel,Core i5,11,8,DDR4,256,1024,Windows,64,0,0,58990
504,Lenovo,IdeaPad,Intel,Core i5,10,8,DDR4,256,1024,Windows,64,4,0,74590
505,ASUS,Missing,Intel,Core i5,10,8,DDR4,256,1024,Windows,32,2,0,58990
506,ASUS,VivoBook,Intel,Core i5,11,8,DDR4,256,1024,Windows,64,0,0,64990
507,DELL,Inspiron,Intel,Core i5,11,8,DDR4,256,1024,Windows,64,2,0,66490
508,DELL,G3,Intel,Core i5,10,8,DDR4,256,1024,Windows,64,4,0,77900
509,DELL,Inspiron,Intel,Core i5,11,8,DDR4,256,1024,Windows,64,2,0,67490
510,DELL,Vostro,Intel,Core i5,11,8,DDR4,256,1024,Windows,64,0,0,61990
511,DELL,Inspiron,Intel,Core i5,11,8,DDR4,256,1024,Windows,64,0,0,58990
512,Lenovo,IdeaPad,Intel,Core i5,10,8,DDR4,256,1024,Windows,64,4,0,74999
513,ASUS,VivoBook,Intel,Core i5,11,8,DDR4,256,1024,Windows,64,0,0,68900
514,DELL,Inspiron,Intel,Core i5,11,8,DDR4,256,1024,Windows,64,2,0,71695
515,acer,Travelmate,Intel,Core i5,11,16,DDR4,256,1024,Windows,64,0,0,62490
516,DELL,Inspiron,Intel,Core i5,8,8,DDR4,0,2048,Windows,64,2,0,62317
517,MSI,GS66,Intel,Core i5,10,8,LPDDR4,0,512,DOS,32,8,0,207290
518,DELL,Inspiron,Intel,Core i7,8,16,DDR4,256,0,Windows,64,4,0,87990
519,Avita,Liber,Intel,Core i7,8,8,DDR4,256,0,Windows,64,0,0,73990
520,Avita,Liber,Intel,Core i7,8,8,DDR4,256,0,Windows,64,0,0,73990
521,Avita,Liber,Intel,Core i7,8,8,DDR4,256,0,Windows,64,0,0,73990
522,Avita,Liber,Intel,Core i7,8,8,DDR4,256,0,Windows,64,0,0,73990
523,Avita,Liber,Intel,Core i7,8,8,DDR4,256,0,Windows,64,0,0,73990
524,Avita,Liber,Intel,Core i7,8,8,DDR4,256,0,Windows,64,0,0,73990
525,ASUS,VivoBook,Intel,Core i7,10,16,DDR4,512,0,Windows,64,0,0,57990
526,ASUS,VivoBook,Intel,Core i7,10,8,DDR4,512,0,Windows,64,4,0,61990
527,MSI,GF63,Intel,Core i7,10,16,DDR4,512,0,Windows,64,4,0,79990
528,Lenovo,IdeaPad,Intel,Core i7,10,8,DDR4,512,0,Windows,64,4,0,68990
529,Mi,Notebook,Intel,Core i7,10,8,DDR4,512,0,Windows,64,2,0,59490
530,Lenovo,IdeaPad,Intel,Core i7,11,16,DDR4,512,0,Windows,64,0,1,85990
531,Lenovo,Legion,Intel,Core i7,11,16,DDR4,512,0,Windows,64,4,0,99990
532,Infinix,X1,Intel,Core i7,10,16,LPDDR4X,512,0,Windows,64,8,0,54990
533,ASUS,VivoBook,Intel,Core i7,11,8,DDR4,512,0,Windows,64,0,0,77990
534,Lenovo,IdeaPad,Intel,Core i7,11,8,DDR4,512,0,Windows,64,4,0,79990
535,HP,Pavilion,Intel,Core i7,11,16,DDR4,512,0,Windows,64,4,0,93190
536,ASUS,ZenBook,Intel,Core i7,11,16,LPDDR4X,512,0,Windows,64,0,0,94990
537,Lenovo,Thinkbook,Intel,Core i7,11,16,DDR4,512,0,Windows,64,0,1,84990
538,MSI,Missing,Intel,Core i7,10,8,DDR4,512,0,Windows,64,0,0,57990
539,HP,Envy,Intel,Core i7,11,16,DDR4,512,0,Windows,64,0,1,102990
540,DELL,Missing,Intel,Core i7,11,16,DDR4,512,0,Windows,64,4,0,99990
541,ASUS,ASUS,Intel,Core i7,11,16,DDR4,512,0,Windows,64,4,0,94990
542,HP,Envy,Intel,Core i7,11,16,DDR4,512,0,Windows,64,0,1,104000
543,MSI,Missing,Intel,Core i7,11,16,DDR4,512,0,Windows,64,2,0,76990
544,HP,Pavilion,Intel,Core i7,11,16,DDR4,512,0,Windows,64,4,0,90190
545,Lenovo,Missing,Intel,Core i7,11,16,DDR4,512,0,Windows,32,0,1,88488
546,MSI,Prestige,Intel,Core i7,10,16,DDR4,512,0,Windows,64,4,0,109990
547,MSI,Sword,Intel,Core i7,11,16,DDR4,512,0,Windows,64,4,0,86990
548,MSI,Prestige,Intel,Core i7,11,16,LPDDR4X,512,0,Windows,64,0,0,89990
549,HP,Spectre,Intel,Core i7,10,16,LPDDR3,512,0,Windows,64,0,1,239759
550,ASUS,VivoBook,Intel,Core i7,11,16,DDR4,512,0,Windows,64,2,0,78990
551,DELL,XPS,Intel,Core i7,8,16,DDR3,512,0,Windows,64,0,0,121890
552,ASUS,ZenBook,Intel,Core i7,8,16,LPDDR3,512,0,Windows,64,0,0,85990
553,MSI,Katana,Intel,Core i7,11,16,DDR4,512,0,Windows,64,4,0,94990
554,HP,Pavilion,Intel,Core i7,11,16,DDR4,512,0,Windows,64,4,0,92000
555,HP,Spectre,Intel,Core i7,10,16,DDR4,512,0,Windows,64,0,1,162990
556,DELL,XPS,Intel,Core i7,11,16,LPDDR4X,512,0,Windows,64,0,0,135300
557,MSI,Modern,Intel,Core i7,11,16,DDR4,512,0,Windows,64,0,0,64990
558,Lenovo,ThinkPad,Intel,Core i7,10,16,DDR4,512,0,Windows,64,0,0,174527
559,Lenovo,ThinkPad,Intel,Core i7,10,16,DDR4,512,0,Windows,64,0,0,162299
560,DELL,Inspiron,Intel,Core i7,10,16,DDR4,512,0,Windows,64,0,1,109190
561,HP,Pavilion,Intel,Core i7,11,16,DDR4,512,0,Windows,64,0,1,99999
562,MSI,Prestige,Intel,Core i7,10,16,DDR4,512,0,Windows,64,2,0,104990
563,ASUS,Missing,Intel,Core i7,11,16,LPDDR4X,512,0,Windows,64,0,1,109990
564,ASUS,ZenBook,Intel,Core i7,8,16,DDR3,512,0,Windows,64,0,0,99990
565,Lenovo,Missing,Intel,Core i7,8,16,DDR4,512,0,Windows,64,2,0,244801
566,ASUS,ZenBook,Intel,Core i7,11,16,LPDDR4X,512,0,Windows,64,0,0,94990
567,Lenovo,Ideapad,Intel,Core i7,8,16,DDR4,512,0,Windows,64,0,0,86000
568,Lenovo,Missing,Intel,Core i7,10,16,DDR4,512,0,Windows,32,2,0,162399
569,HP,Missing,Intel,Core i7,11,16,DDR4,512,0,Windows,32,0,0,119599
570,Lenovo,Missing,Intel,Core i7,10,16,LPDDR3,512,0,Windows,64,0,0,211753
571,Lenovo,Intel,Intel,Core i7,11,16,DDR4,512,0,Windows,32,0,0,110999
572,DELL,Missing,Intel,Core i7,11,16,DDR4,512,0,Windows,64,4,0,99990
573,ASUS,ZenBook,Intel,Core i7,8,8,LPDDR3,512,0,Windows,64,0,0,81990
574,MSI,GF63,Intel,Core i7,9,8,DDR4,512,0,Windows,64,4,0,66990
575,MSI,GF65,Intel,Core i7,10,16,DDR4,1024,0,Windows,64,6,0,84990
576,ASUS,Zenbook,Intel,Core i7,11,16,LPDDR4X,1024,0,Windows,64,2,1,104990
577,ASUS,ZenBook,Intel,Core i7,11,16,LPDDR4X,1024,0,Windows,64,0,1,134990
578,ASUS,ASUS,Intel,Core i7,11,16,DDR4,1024,0,Windows,64,4,0,98990
579,HP,Envy,Intel,Core i7,10,16,DDR4,1024,0,Windows,64,6,0,144690
580,ASUS,ZenBook,Intel,Core i7,11,16,LPDDR4X,1024,0,Windows,64,0,0,99990
581,MSI,Stealth,Intel,Core i7,11,16,DDR4,1024,0,Windows,64,6,0,119990
582,ASUS,Zephyrus,Intel,Core i7,11,16,DDR4,1024,0,Windows,32,4,0,194990
583,ASUS,ZenBook,Intel,Core i7,10,16,LPDDR3,1024,0,Windows,64,2,0,124990
584,DELL,Inspiron,Intel,Core i7,11,16,DDR4,1024,0,Windows,64,2,0,122410
585,HP,Spectre,Intel,Core i7,10,16,DDR4,1024,0,Windows,64,0,1,179990
586,MSI,Summit,Intel,Core i7,11,16,DDR4,1024,0,Windows,64,4,1,154990
587,Lenovo,Yoga,Intel,Core i7,11,16,LPDDR4X,1024,0,Windows,64,0,0,122990
588,ASUS,Missing,Intel,Core i7,10,16,DDR4,1024,0,Windows,64,6,1,224990
589,MSI,Stealth,Intel,Core i7,12,16,DDR5,1024,0,Windows,64,8,0,279990
590,HP,OMEN,Intel,Core i7,11,16,DDR4,1024,0,Windows,64,4,0,121990
591,HP,OMEN,Intel,Core i7,11,16,DDR4,1024,0,Windows,64,4,0,116990
592,Lenovo,Legion,Intel,Core i7,11,16,DDR4,1024,0,Windows,64,6,0,151098
593,MSI,Pulse,Intel,Core i7,11,16,DDR4,1024,0,Windows,64,8,0,129990
594,HP,Spectre,Intel,Core i7,11,16,LPDDR4X,1024,0,Windows,64,0,1,149999
595,MSI,Missing,Intel,Core i7,12,16,DDR4,1024,0,Windows,64,6,0,139990
596,acer,Predator,Intel,Core i7,11,16,DDR4,1024,0,Windows,64,6,0,129990
597,HP,OMEN,Intel,Core i7,11,16,DDR4,1024,0,Windows,64,8,0,171990
598,DELL,Inspiron,Intel,Core i7,11,16,DDR4,1024,0,Windows,64,2,0,93955
599,ASUS,ROG,Intel,Core i7,10,16,DDR4,1024,0,Windows,64,8,0,234990
600,HP,Spectre,Intel,Core i7,11,16,LPDDR4X,1024,0,Windows,64,0,1,128500
601,Lenovo,Yoga,Intel,Core i7,11,16,DDR4,1024,0,Windows,64,0,1,102990
602,ASUS,ZenBook,Intel,Core i7,11,16,LPDDR4X,1024,0,Windows,64,0,1,119990
603,ASUS,Missing,Intel,Core i7,11,16,DDR4,1024,0,Windows,32,6,0,120980
604,ASUS,Zephyrus,Intel,Core i7,11,16,DDR4,1024,0,Windows,32,6,0,157249
605,Lenovo,Missing,Intel,Core i7,9,16,DDR4,1024,0,Windows,64,4,0,229900
606,ASUS,ASUS,Intel,Core i7,11,16,DDR4,1024,0,Windows,64,6,0,131500
607,ASUS,ExpertBook,Intel,Core i7,10,16,LPDDR3,1024,0,Windows,64,0,0,154990
608,ASUS,ExpertBook,Intel,Core i7,10,16,LPDDR3,1024,0,Windows,64,0,0,165990
609,Lenovo,Yoga,Intel,Core i7,10,16,LPDDR4X,1024,0,Windows,64,0,0,119990
610,ASUS,ExpertBook,Intel,Core i7,10,16,LPDDR3,1024,0,Windows,64,0,0,167990
611,HP,Spectre,Intel,Core i7,11,16,LPDDR4X,1024,0,Windows,64,0,1,165000
612,Avita,Liber,Intel,Core i7,10,16,DDR4,1024,0,Windows,64,0,0,62990
613,Lenovo,ThinkBook,Intel,Core i7,11,16,LPDDR4,1024,0,Windows,64,0,0,85990
614,HP,HP,Intel,Core i7,11,16,DDR4,1024,0,Windows,64,2,0,94990
615,HP,Omen,Intel,Core i7,11,16,DDR4,1024,0,Windows,64,6,0,136990
616,Lenovo,Legion,Intel,Core i7,10,16,DDR4,1024,0,Windows,64,8,0,234990
617,acer,Predator,Intel,Core i7,10,16,DDR4,2048,0,Windows,64,8,0,159990
618,ASUS,ExpertBook,Intel,Core i7,10,16,LPDDR3,2048,0,Windows,64,0,0,233990
619,ASUS,ExpertBook,Intel,Core i7,10,16,DDR4,0,1024,Windows,64,2,0,93990
620,HP,15,Intel,Core i7,8,16,DDR4,128,1024,Windows,64,4,0,116941
621,MSI,GF63,Intel,Core i7,10,8,DDR4,256,1024,Windows,64,4,0,63990
622,ASUS,VivoBook,Intel,Core i7,10,16,DDR4,256,1024,Windows,64,4,0,66990
623,ASUS,Missing,Intel,Core i7,11,16,DDR4,256,1024,Windows,32,0,0,82500
624,acer,Predator,Intel,Core i7,10,16,DDR4,256,1024,Windows,64,6,0,119990
625,MSI,WF65,Intel,Core i7,10,16,DDR4,256,1024,Windows,64,4,0,159990
626,ASUS,Pro,Intel,Core i7,8,16,DDR4,256,1024,Windows,64,0,0,98912
627,acer,Predator,Intel,Core i7,11,16,DDR4,512,1024,Windows,64,4,0,92990
628,acer,Predator,Intel,Core i7,11,16,DDR4,512,1024,Windows,32,6,0,119990
629,acer,Predator,Intel,Core i9,11,32,DDR4,1024,0,Windows,64,8,0,169990
630,acer,Predator,Intel,Core i9,11,16,DDR4,1024,0,Windows,64,6,0,139990
631,MSI,Creator,Intel,Core i9,11,16,DDR4,1024,0,Windows,64,6,0,192990
632,ASUS,ROG,Intel,Core i9,12,16,DDR5,1024,0,Windows,64,6,0,299990
633,ASUS,Missing,Intel,Core i9,10,16,DDR4,1024,0,Windows,64,6,1,269990
634,ASUS,ASUS,Intel,Core i9,11,16,DDR4,1024,0,Windows,64,6,0,139990
635,Lenovo,Missing,Intel,Core i9,10,16,DDR4,1024,0,Windows,32,8,0,265998
636,ASUS,Zephyrus,Intel,Core i9,11,16,DDR4,3072,0,Windows,32,6,0,441990
637,Smartron,t.book,Intel,Core m3,7,4,DDR3,128,0,Windows,64,0,1,42990
638,MSI,Katana,Intel,Core i5,10,8,LPDDR4,0,512,DOS,32,4,0,86990
641,MSI,Pulse,Intel,Core i5,10,8,LPDDR4,0,512,DOS,32,6,0,109990
642,MSI,Pulse,Intel,Core i5,10,8,LPDDR4,0,512,DOS,32,4,0,109590
643,ASUS,ROG,Intel,Core i7,10,16,LPDDR4X,0,512,DOS,32,6,0,146490
644,HP,Chromebook,Intel,Dual Core,10,4,DDR4,0,512,DOS,32,0,0,61745
645,ASUS,ZenBook,Intel,Ever Screenpad,10,4,DDR4,0,512,DOS,64,4,0,209690
646,ASUS,ZenBook,Intel,Ever Screenpad,10,4,DDR4,0,512,DOS,64,4,0,175190
647,ALIENWARE,Missing,Intel,GeForce GTX,10,8,LPDDR4,0,512,DOS,32,6,0,199990
648,DELL,G15,Intel,GeForce GTX,10,8,LPDDR4,0,512,DOS,32,4,0,75500
649,ALIENWARE,Missing,Intel,GeForce RTX,10,8,LPDDR4,0,512,DOS,32,8,0,345390
650,ALIENWARE,Missing,Intel,GeForce RTX,10,8,LPDDR4,0,512,DOS,32,6,0,214790
651,ALIENWARE,Missing,Intel,GeForce RTX,10,8,LPDDR4,0,512,DOS,32,8,0,269290
652,DELL,G15,Intel,GEFORCE RTX,10,4,DDR4,0,512,DOS,32,4,0,95990
655,APPLE,MacBook,M1,M1,10,8,DDR4,256,0,Mac,64,0,0,85990
656,APPLE,MacBook,M1,M1,10,8,DDR4,256,0,Mac,64,0,0,112990
657,APPLE,MacBook,M1,M1,10,16,DDR4,256,0,Mac,64,0,0,104990
658,APPLE,MacBook,M1,M1,10,8,DDR4,256,0,Mac,64,0,0,112990
659,APPLE,MacBook,M1,M1,10,16,DDR4,256,0,Mac,64,0,0,132990
660,APPLE,MacBook,M1,M1,10,16,DDR4,256,0,Mac,64,0,0,104990
661,APPLE,MacBook,M1,M1,10,8,DDR4,256,0,Mac,64,0,0,85990
662,APPLE,MacBook,M1,M1,10,16,DDR4,512,0,Mac,64,0,0,149990
663,APPLE,MacBook,M1,M1,10,8,DDR4,512,0,Mac,64,0,0,125990
664,APPLE,MacBook,M1,M1,10,8,DDR4,512,0,Mac,64,0,0,103990
665,APPLE,MacBook,M1,M1,10,8,DDR4,512,0,Mac,64,0,0,101990
666,APPLE,MacBook,M1,M1,10,8,DDR4,512,0,Mac,64,0,0,104990
667,APPLE,MacBook,M1,M1,10,8,DDR4,512,0,Mac,64,0,0,131990
668,APPLE,MacBook,M1,M1,10,16,DDR4,512,0,Mac,64,0,0,128990
669,APPLE,MacBook,M1,M1,10,16,DDR4,512,0,Mac,64,0,0,184990
670,APPLE,MacBook,M1,M1,10,16,DDR4,512,0,Mac,64,0,0,225990
671,APPLE,MacBook,M1,M1,10,4,DDR4,512,0,Mac,64,0,0,124990
672,APPLE,MacBook,M1,M1,10,8,DDR4,512,0,Mac,64,0,0,104990
673,APPLE,MacBook,M1,M1,10,8,DDR4,1024,0,Mac,64,0,0,149990
674,APPLE,MacBook,M1,M1,10,16,DDR4,1024,0,Mac,64,0,0,169990
675,APPLE,MacBook,M1,M1,10,16,DDR4,1024,0,Mac,64,0,0,225990
676,APPLE,MacBook,M1,M1,10,16,DDR4,1024,0,Mac,64,0,0,243990
677,APPLE,MacBook,M1,M1,10,32,DDR4,1024,0,Mac,64,0,0,309990
678,APPLE,MacBook,M1,M1,10,16,DDR4,1024,0,Mac,64,0,0,225990
679,DELL,G7,Intel,GeForce RTX,10,8,LPDDR4,0,512,DOS,32,8,0,179990
680,acer,Missing,Intel,Genuine Windows,10,4,DDR4,128,0,DOS,32,4,0,116640
681,acer,Predator,Intel,Genuine Windows,10,4,DDR4,0,512,DOS,32,4,0,129999
698,Lenovo,Legion,Intel,Genuine Windows,10,4,DDR4,0,512,DOS,32,4,0,77890
725,HP,Chromebook,MediaTek,MediaTek Kompanio,10,4,DDR4,0,512,DOS,32,0,0,22990
726,HP,Chromebook,MediaTek,MediaTek Kompanio,10,4,LPDDR4X,0,512,DOS,32,0,0,22490
727,HP,Chromebook,MediaTek,MediaTek Kompanio,10,4,LPDDR4X,0,512,DOS,32,0,0,22990
755,ASUS,APU,AMD,Quad,10,4,DDR4,0,512,DOS,32,0,0,19990
895,Lenovo,Thinkpad,AMD,Ryzen 5,10,8,DDR4,512,0,DOS,64,0,0,57490
